Trade #,Type,Signal,Date/Time,Price,Contracts,Profit USDT,Profit %,Cum. Profit USDT,Cum. Profit %,Run-up USDT,Run-up %,Drawdown USDT,Drawdown %
165,Exit Short,S Stop,2022-05-30 03:00,1903.68,8016.2919,-531696.70,-3.61,18606534.00,-2.76,1083117.00,7.35,556856.06,3.78
165,Entry Short,Short,2022-05-26 07:00,1838.85,8016.2919,-531696.70,-3.61,18606534.00,-2.76,1083117.00,7.35,556856.06,3.78
164,Exit Short,S Stop,2022-05-22 19:00,2045.69,6646.8909,4177313.80,23.48,19138230.00,27.74,5815827.50,32.70,348964.53,1.96
164,Entry Short,Short,2022-05-06 09:00,2676.04,6646.8909,4177313.80,23.48,19138230.00,27.74,5815827.50,32.70,348964.53,1.96
163,Exit Short,S Stop,2022-05-01 11:00,2803.85,6894.1297,-547340.20,-2.91,14960916.00,-3.51,65144.92,0.35,539608.10,2.87
163,Entry Short,Short,2022-04-30 21:00,2726.67,6894.1297,-547340.20,-2.91,14960916.00,-3.51,65144.92,0.35,539608.10,2.87
162,Exit Short,S Stop,2022-04-25 13:00,2933.24,8519.9379,-600905.30,-2.46,15508257.00,-3.71,569762.25,2.33,590908.94,2.42
162,Entry Short,Short,2022-04-24 23:00,2865.03,8519.9379,-600905.30,-2.46,15508257.00,-3.71,569762.25,2.33,590908.94,2.42
161,Exit Long,L Stop,2022-04-20 11:00,3082.69,9213.4773,-668752.75,-2.30,16109162.00,-3.96,73329.03,0.25,657391.90,2.26
161,Entry Long,Long,2022-04-20 09:00,3152.78,9213.4773,-668752.75,-2.30,16109162.00,-3.96,73329.03,0.25,657391.90,2.26
160,Exit Short,S Stop,2022-04-19 11:00,3119.82,6173.2903,-256131.38,-1.35,16777914.00,-1.49,1212172.90,6.37,403871.00,2.12
160,Entry Short,Short,2022-04-11 07:00,3080.81,6173.2903,-256131.38,-1.35,16777914.00,-1.49,1212172.90,6.37,403871.00,2.12
159,Exit Short,S Stop,2022-04-08 03:00,3286.26,6184.6586,-744149.94,-3.80,17034046.00,-4.16,149066.30,0.76,736020.20,3.76
159,Entry Short,Short,2022-04-06 21:00,3168.52,6184.6586,-744149.94,-3.80,17034046.00,-4.16,149066.30,0.76,736020.20,3.76
158,Exit Long,L Stop,2022-04-05 21:00,3377.66,9016.4938,-970391.90,-3.09,17778196.00,-5.15,869253.00,2.77,958210.00,3.05
158,Entry Long,Long,2022-04-01 23:00,3482.54,9016.4938,-970391.90,-3.09,17778196.00,-5.15,869253.00,2.77,958210.00,3.05
157,Exit Long,L Stop,2022-03-31 23:00,3220.51,7852.6136,3137310.50,14.17,18748588.00,19.97,5199785.50,23.49,424884.72,1.92
157,Entry Long,Long,2022-03-17 11:00,2818.57,7852.6136,3137310.50,14.17,18748588.00,19.97,5199785.50,23.49,424884.72,1.92
156,Exit Short,S Stop,2022-03-07 23:00,2569.29,4760.7971,-526744.00,-4.50,15611277.00,-3.24,69868.20,0.60,521851.28,4.45
156,Entry Short,Short,2022-03-07 17:00,2460.66,4760.7971,-526744.00,-4.50,15611277.00,-3.24,69868.20,0.60,521851.28,4.45
155,Exit Short,S Stop,2022-03-07 11:00,2633.63,6870.6733,-579912.10,-3.31,16138021.00,-3.45,407289.94,2.32,572674.20,3.27
155,Entry Short,Short,2022-03-06 21:00,2551.30,6870.6733,-579912.10,-3.31,16138021.00,-3.45,407289.94,2.32,572674.20,3.27
154,Exit Long,L Stop,2022-03-03 03:00,2878.80,4262.8121,-189055.08,-1.52,16717934.00,-1.11,519686.53,4.17,289480.47,2.32
154,Entry Long,Long,2022-02-28 21:00,2920.83,4262.8121,-189055.08,-1.52,16717934.00,-1.11,519686.53,4.17,289480.47,2.32
153,Exit Short,S Stop,2022-02-28 19:00,2911.51,5393.5578,-611277.75,-4.05,16906988.00,-3.47,2693218.20,17.83,604996.40,4.01
153,Entry Short,Short,2022-02-18 13:00,2800.46,5393.5578,-611277.75,-4.05,16906988.00,-3.47,2693218.20,17.83,604996.40,4.01
152,Exit Short,S Stop,2022-02-14 11:00,2953.57,5405.2265,-160167.38,-1.01,17518266.00,-0.90,519493.53,3.28,328964.88,2.08
152,Entry Short,Short,2022-02-11 19:00,2926.29,5405.2265,-160167.38,-1.01,17518266.00,-0.90,519493.53,3.28,328964.88,2.08
151,Exit Long,L Stop,2022-02-11 17:00,2945.46,6176.3246,1183082.10,6.96,17678434.00,7.13,3279192.00,19.30,1091237.00,6.42
151,Entry Long,Long,2022-02-01 01:00,2751.63,6176.3246,1183082.10,6.96,17678434.00,7.13,3279192.00,19.30,1091237.00,6.42
150,Exit Short,Long,2022-02-01 01:00,2751.63,4292.6911,628575.44,5.05,16495352.00,3.94,3177277.80,25.52,239575.64,1.92
150,Entry Short,Short,2022-01-20 23:00,2900.32,4292.6911,628575.44,5.05,16495352.00,3.94,3177277.80,25.52,239575.64,1.92
149,Exit Short,S Stop,2022-01-19 11:00,3159.23,7256.2263,-723579.94,-3.26,15866776.00,-4.34,440998.60,1.98,714410.30,3.22
149,Entry Short,Short,2022-01-19 05:00,3062.00,7256.2263,-723579.94,-3.26,15866776.00,-4.34,440998.60,1.98,714410.30,3.22
148,Exit Short,S Stop,2022-01-12 09:00,3373.53,5246.6855,2366935.00,11.79,16590356.00,16.52,4707216.00,23.44,392037.66,1.95
148,Entry Short,Short,2021-12-28 15:00,3827.54,5246.6855,2366935.00,11.79,16590356.00,16.52,4707216.00,23.44,392037.66,1.95
147,Exit Long,L Stop,2021-12-24 19:00,4017.55,4550.645,-543121.60,-2.89,14223421.00,-3.65,33932.09,0.18,535808.70,2.85
147,Entry Long,Long,2021-12-23 17:00,4133.64,4550.645,-543121.60,-2.89,14223421.00,-3.65,33932.09,0.18,535808.70,2.85
146,Exit Short,S Stop,2021-12-15 15:00,3974.30,3068.5158,-510675.03,-4.37,14766543.00,-3.32,508562.30,4.35,505796.94,4.33
146,Entry Short,Short,2021-12-13 13:00,3810.99,3068.5158,-510675.03,-4.37,14766543.00,-3.32,508562.30,4.35,505796.94,4.33
145,Exit Short,S Stop,2021-12-04 21:00,4159.35,2229.0184,-704553.30,-8.22,15277218.00,-4.38,122576.87,1.43,700844.80,8.17
145,Entry Short,Short,2021-12-04 03:00,3846.47,2229.0184,-704553.30,-8.22,15277218.00,-4.38,122576.87,1.43,700844.80,8.17
144,Exit Long,L Stop,2021-12-03 13:00,4419.34,3275.8339,-572399.30,-3.81,15981771.00,-3.44,610758.94,4.06,566608.50,3.77
144,Entry Long,Long,2021-11-30 09:00,4590.47,3275.8339,-572399.30,-3.81,15981771.00,-3.44,610758.94,4.06,566608.50,3.77
143,Exit Short,S Stop,2021-11-27 05:00,4183.39,3994.9987,-805940.40,-5.06,16554170.00,-4.62,280952.40,1.76,799255.30,5.02
143,Entry Short,L Stop,2021-11-26 09:00,3984.92,3994.9987,-805940.40,-5.06,16554170.00,-4.62,280952.40,1.76,799255.30,5.02
142,Exit Short,S Stop,2021-11-27 05:00,4183.39,2083.0346,-420225.80,-5.06,17353742.00,-2.35,146491.56,1.76,416740.16,5.02
142,Entry Short,L Stop,2021-11-26 09:00,3984.92,2083.0346,-420225.80,-5.06,17353742.00,-2.35,146491.56,1.76,416740.16,5.02
141,Exit Short,S Stop,2021-11-27 05:00,4183.39,3994.9987,-805940.40,-5.06,17770648.00,-4.32,280952.40,1.76,799255.30,5.02
141,Entry Short,Short,2021-11-26 09:00,3984.92,3994.9987,-805940.40,-5.06,17770648.00,-4.32,280952.40,1.76,799255.30,5.02
140,Exit Long,Short,2021-11-26 09:00,3984.92,6078.0333,-2894828.00,-10.68,18586276.00,-13.41,555513.25,2.05,2915043.80,10.76
140,Entry Long,Long,2021-11-25 11:00,4457.82,6078.0333,-2894828.00,-10.68,18586276.00,-13.41,555513.25,2.05,2915043.80,10.76
139,Exit Short,Long,2021-11-25 11:00,4457.82,4717.5522,-293397.75,-1.41,21481104.00,-1.34,2080300.50,10.02,345040.20,1.66
139,Entry Short,Short,2021-11-15 23:00,4399.17,4717.5522,-293397.75,-1.41,21481104.00,-1.34,2080300.50,10.02,345040.20,1.66
138,Exit Long,L Stop,2021-11-10 17:00,4584.67,8156.4688,-862045.20,-2.26,21774502.00,-3.79,1463885.00,3.83,847087.30,2.22
138,Entry Long,Long,2021-11-07 23:00,4686.65,8156.4688,-862045.20,-2.26,21774502.00,-3.79,1463885.00,3.83,847087.30,2.22
137,Exit Long,L Stop,2021-11-06 07:00,4346.48,6601.2958,-960052.50,-3.24,22636548.00,-4.05,1159812.40,3.91,948575.50,3.20
137,Entry Long,Long,2021-11-02 11:00,4488.38,6601.2958,-960052.50,-3.24,22636548.00,-4.05,1159812.40,3.91,948575.50,3.20
136,Exit Long,L Stop,2021-10-30 11:00,4272.92,6369.6032,-1091339.00,-3.86,23596600.00,-4.40,114166.81,0.40,1080452.20,3.82
136,Entry Long,Long,2021-10-29 13:00,4440.77,6369.6032,-1091339.00,-3.86,23596600.00,-4.40,114166.81,0.40,1080452.20,3.82
135,Exit Long,L Stop,2021-10-27 05:00,3936.91,5389.8391,3765131.80,21.59,24687940.00,17.91,6134854.00,35.18,325299.38,1.87
135,Entry Long,Long,2021-10-01 09:00,3235.48,5389.8391,3765131.80,21.59,24687940.00,17.91,6134854.00,35.18,325299.38,1.87
134,Exit Short,S Stop,2021-10-01 07:00,3183.04,5695.0066,-816265.80,-4.71,20922808.00,-3.74,2215261.50,12.79,809014.90,4.67
134,Entry Short,Short,2021-09-20 09:00,3042.20,5695.0066,-816265.80,-4.71,20922808.00,-3.74,2215261.50,12.79,809014.90,4.67
133,Exit Long,L Stop,2021-09-16 17:00,3500.84,6765.2364,-893094.70,-3.64,21739074.00,-3.93,109380.34,0.45,883621.06,3.60
133,Entry Long,Long,2021-09-16 03:00,3630.00,6765.2364,-893094.70,-3.64,21739074.00,-3.93,109380.34,0.45,883621.06,3.60
132,Exit Long,L Stop,2021-09-07 05:00,3703.90,5953.9328,1614387.90,7.91,22632168.00,7.64,3552164.20,17.39,549321.50,2.69
132,Entry Long,Long,2021-08-31 09:00,3429.90,5953.9328,1614387.90,7.91,22632168.00,7.64,3552164.20,17.39,549321.50,2.69
131,Exit Long,L Stop,2021-08-24 11:00,3235.19,7499.7549,-807424.80,-3.22,21017780.00,-3.68,272495.44,1.09,797719.56,3.18
131,Entry Long,Long,2021-08-23 01:00,3340.22,7499.7549,-807424.80,-3.22,21017780.00,-3.68,272495.44,1.09,797719.56,3.18
130,Exit Long,L Stop,2021-08-17 17:00,3069.34,7067.719,7060615.50,48.30,21825206.00,47.50,8946903.00,61.20,536420.90,3.67
130,Entry Long,Long,2021-07-22 23:00,2068.29,7067.719,7060615.50,48.30,21825206.00,47.50,8946903.00,61.20,536420.90,3.67
129,Exit Short,S Stop,2021-07-21 13:00,1976.83,7604.5258,399518.06,2.59,14764590.00,2.76,2465065.00,15.96,152184.72,0.99
129,Entry Short,Short,2021-07-12 15:00,2030.97,7604.5258,399518.06,2.59,14764590.00,2.76,2465065.00,15.96,152184.72,0.99
128,Exit Long,L Stop,2021-07-04 23:00,2245.00,6508.0744,-594198.80,-3.91,14365072.00,-3.95,354860.66,2.34,588354.56,3.87
128,Entry Long,Long,2021-07-04 05:00,2334.47,6508.0744,-594198.80,-3.91,14365072.00,-3.95,354860.66,2.34,588354.56,3.87
127,Exit Long,L Stop,2021-07-01 03:00,2146.06,6980.5588,-835042.30,-5.28,14959270.00,-5.25,119328.69,0.76,829050.00,5.25
127,Entry Long,Long,2021-06-30 19:00,2263.92,6980.5588,-835042.30,-5.28,14959270.00,-5.25,119328.69,0.76,829050.00,5.25
126,Exit Long,L Stop,2021-06-30 01:00,2112.17,6281.7347,-724065.06,-5.18,15794313.00,-4.36,115644.98,0.83,718757.80,5.14
126,Entry Long,Long,2021-06-29 11:00,2225.70,6281.7347,-724065.06,-5.18,15794313.00,-4.36,115644.98,0.83,718757.80,5.14
125,Exit Short,S Stop,2021-06-28 03:00,2052.26,5691.0771,916394.90,7.27,16518378.00,5.84,2923073.80,23.19,375076.10,2.98
125,Entry Short,Short,2021-06-18 13:00,2214.99,5691.0771,916394.90,7.27,16518378.00,5.84,2923073.80,23.19,375076.10,2.98
124,Exit Short,S Stop,2021-06-14 21:00,2614.54,3799.7983,-477339.03,-5.04,15601983.00,-2.95,888178.60,9.38,519304.70,5.49
124,Entry Short,Short,2021-06-08 01:00,2490.96,3799.7983,-477339.03,-5.04,15601983.00,-2.95,888178.60,9.38,519304.70,5.49
123,Exit Short,S Stop,2021-06-02 13:00,2802.56,2035.884,1251582.20,17.98,16079322.00,8.38,3440037.50,49.41,347195.44,4.99
123,Entry Short,Short,2021-05-16 17:00,3419.81,2035.884,1251582.20,17.98,16079322.00,8.38,3440037.50,49.41,347195.44,4.99
122,Exit Long,L Stop,2021-05-12 21:00,3603.12,3262.2495,3058696.80,35.21,14827740.00,25.77,5574025.50,64.16,341346.16,3.93
122,Entry Long,Long,2021-04-27 13:00,2663.01,3262.2495,3058696.80,35.21,14827740.00,25.77,5574025.50,64.16,341346.16,3.93
121,Exit Long,L Stop,2021-04-22 17:00,2457.76,3334.5562,-516947.60,-5.94,11769043.00,-4.17,108925.60,1.25,513669.38,5.90
121,Entry Long,Long,2021-04-22 13:00,2610.76,3334.5562,-516947.60,-5.94,11769043.00,-4.17,108925.60,1.25,513669.38,5.90
120,Exit Long,L Stop,2021-04-17 23:00,2234.46,5992.7367,1990643.10,17.48,12285991.00,19.15,3876699.80,34.04,98102.61,0.86
120,Entry Long,Long,2021-03-31 17:00,1900.63,5992.7367,1990643.10,17.48,12285991.00,19.15,3876699.80,34.04,98102.61,0.86
119,Exit Long,L Stop,2021-03-31 05:00,1778.52,6804.7782,-390357.34,-3.13,10295348.00,-3.62,186289.12,1.49,385516.38,3.09
119,Entry Long,Long,2021-03-29 15:00,1834.44,6804.7782,-390357.34,-3.13,10295348.00,-3.62,186289.12,1.49,385516.38,3.09
118,Exit Short,S Stop,2021-03-26 19:00,1698.16,6064.5299,-119720.93,-1.18,10685705.00,-1.10,862243.30,8.46,374556.94,3.68
118,Entry Short,Short,2021-03-22 19:00,1679.77,6064.5299,-119720.93,-1.18,10685705.00,-1.10,862243.30,8.46,374556.94,3.68
117,Exit Long,L Stop,2021-03-22 17:00,1724.21,5002.9133,-18161.92,-0.21,10805426.00,-0.17,1086379.80,12.58,311134.10,3.60
117,Entry Long,Long,2021-03-07 21:00,1726.46,5002.9133,-18161.92,-0.21,10805426.00,-0.17,1086379.80,12.58,311134.10,3.60
116,Exit Short,S Stop,2021-02-28 21:00,1442.84,5733.0997,-582047.80,-7.56,10823588.00,-5.06,279276.66,3.63,578739.06,7.52
116,Entry Short,Short,2021-02-28 05:00,1342.43,5733.0997,-582047.80,-7.56,10823588.00,-5.06,279276.66,3.63,578739.06,7.52
115,Exit Short,S Stop,2021-02-24 05:00,1685.86,2994.609,-558987.30,-12.44,11405636.00,-4.63,384117.94,8.55,556967.90,12.40
115,Entry Short,Short,2021-02-23 07:00,1500.47,2994.609,-558987.30,-12.44,11405636.00,-4.63,384117.94,8.55,556967.90,12.40
114,Exit Long,L Stop,2021-02-20 19:00,1834.92,6220.3241,-454248.78,-3.83,11964623.00,-3.63,840536.40,7.09,449683.28,3.79
114,Entry Long,Long,2021-02-17 23:00,1906.45,6220.3241,-454248.78,-3.83,11964623.00,-3.63,840536.40,7.09,449683.28,3.79
113,Exit Long,L Stop,2021-02-14 23:00,1657.58,6170.2615,1131242.00,12.45,12418872.00,9.93,2456632.80,27.03,31895.29,0.35
113,Entry Long,Long,2021-02-02 15:00,1472.99,6170.2615,1131242.00,12.45,12418872.00,9.93,2456632.80,27.03,31895.29,0.35
112,Exit Long,L Stop,2021-01-20 07:00,1297.95,5633.473,-438560.66,-5.66,11287630.00,-3.71,355022.06,4.58,435635.84,5.63
112,Entry Long,Long,2021-01-19 05:00,1374.73,5633.473,-438560.66,-5.66,11287630.00,-3.71,355022.06,4.58,435635.84,5.63
111,Exit Long,L Stop,2021-01-10 23:00,1080.72,8502.3472,2946015.00,47.24,11726190.00,33.18,5225003.50,83.78,379148.56,6.08
111,Entry Long,Long,2020-12-28 05:00,733.50,8502.3472,2946015.00,47.24,11726190.00,33.18,5225003.50,83.78,379148.56,6.08
110,Exit Long,L Stop,2020-12-27 17:00,663.72,7183.684,-248301.05,-4.95,8780175.00,-2.72,137286.69,2.74,246393.86,4.92
110,Entry Long,Long,2020-12-27 13:00,697.74,7183.684,-248301.05,-4.95,8780175.00,-2.72,137286.69,2.74,246393.86,4.92
109,Exit Short,S Stop,2020-12-25 05:00,619.77,14546.1898,-505801.56,-5.94,9028476.00,-5.25,288244.50,3.38,502195.44,5.90
109,Entry Short,Short,2020-12-23 21:00,585.48,14546.1898,-505801.56,-5.94,9028476.00,-5.25,288244.50,3.38,502195.44,5.90
108,Exit Long,L Stop,2020-12-22 03:00,594.72,21729.1392,-324015.10,-2.45,9534278.00,-3.25,1452730.80,10.98,318846.00,2.41
108,Entry Long,Long,2020-12-16 11:00,609.15,21729.1392,-324015.10,-2.45,9534278.00,-3.25,1452730.80,10.98,318846.00,2.41
107,Exit Short,S Stop,2020-12-09 11:00,573.59,22501.668,-430263.50,-3.45,9858293.00,-4.14,546071.20,4.37,425100.78,3.40
107,Entry Short,Short,2020-12-08 21:00,554.92,22501.668,-430263.50,-3.45,9858293.00,-4.14,546071.20,4.37,425100.78,3.40
106,Exit Long,L Stop,2020-11-25 23:00,541.09,20594.5465,2605784.50,30.55,10288557.00,33.48,4297141.50,50.38,159312.66,1.87
106,Entry Long,Long,2020-11-05 13:00,414.18,20594.5465,2605784.50,30.55,10288557.00,33.48,4297141.50,50.38,159312.66,1.87
105,Exit Short,S Stop,2020-10-31 05:00,389.93,37285.7779,-427946.62,-3.03,7682772.00,-5.21,198304.27,1.40,422131.10,2.99
105,Entry Short,Short,2020-10-30 05:00,378.76,37285.7779,-427946.62,-3.03,7682772.00,-5.21,198304.27,1.40,422131.10,2.99
104,Exit Long,L Stop,2020-10-26 13:00,389.27,30370.0606,-89362.93,-0.75,8110718.50,-1.08,870808.06,7.32,113181.93,0.95
104,Entry Long,Long,2020-10-21 13:00,391.90,30370.0606,-89362.93,-0.75,8110718.50,-1.08,870808.06,7.32,113181.93,0.95
103,Exit Long,L Stop,2020-10-16 05:00,362.11,45408.6301,-297071.78,-1.78,8200081.50,-3.46,1193913.50,7.14,290494.62,1.74
103,Entry Long,Long,2020-10-09 23:00,368.36,45408.6301,-297071.78,-1.78,8200081.50,-3.46,1193913.50,7.14,290494.62,1.74
102,Exit Short,S Stop,2020-10-02 23:00,348.91,38058.1924,-416161.16,-3.23,8497153.00,-4.62,147464.08,1.15,410849.60,3.19
102,Entry Short,Short,2020-10-02 07:00,338.25,38058.1924,-416161.16,-3.23,8497153.00,-4.62,147464.08,1.15,410849.60,3.19
101,Exit Short,S Stop,2020-09-28 09:00,362.47,32847.3725,-337538.94,-2.92,8913315.00,-3.61,1282657.20,11.08,332776.47,2.87
101,Entry Short,Short,2020-09-21 09:00,352.48,32847.3725,-337538.94,-2.92,8913315.00,-3.61,1282657.20,11.08,332776.47,2.87
100,Exit Long,L Stop,2020-09-18 13:00,378.99,34236.9741,-476189.47,-3.54,9250853.00,-4.85,9003.09,0.07,470999.28,3.50
100,Entry Long,Long,2020-09-17 19:00,392.59,34236.9741,-476189.47,-3.54,9250853.00,-4.85,9003.09,0.07,470999.28,3.50
99,Exit Short,S Stop,2020-09-12 15:00,382.83,17502.9502,-473902.03,-7.60,9727043.00,-4.60,831172.75,13.34,471221.78,7.56
99,Entry Short,Short,2020-09-05 09:00,356.05,17502.9502,-473902.03,-7.60,9727043.00,-4.60,831172.75,13.34,471221.78,7.56
98,Exit Long,L Stop,2020-09-03 09:00,409.20,37810.9638,-194321.28,-1.24,10200945.00,-1.85,2823132.80,18.03,188132.38,1.20
98,Entry Long,Long,2020-08-30 11:00,414.01,37810.9638,-194321.28,-1.24,10200945.00,-1.85,2823132.80,18.03,188132.38,1.20
97,Exit Short,S Stop,2020-08-25 23:00,387.44,27376.3882,-386949.38,-3.78,10395266.00,-3.56,94463.76,0.92,382706.70,3.74
97,Entry Short,Short,2020-08-25 15:00,373.61,27376.3882,-386949.38,-3.78,10395266.00,-3.56,94463.76,0.92,382706.70,3.74
96,Exit Short,S Stop,2020-08-24 05:00,403.23,31178.0058,-468814.20,-3.87,10782216.00,-4.13,262973.88,2.17,463785.44,3.83
96,Entry Short,Short,2020-08-21 19:00,388.51,31178.0058,-468814.20,-3.87,10782216.00,-4.13,262973.88,2.17,463785.44,3.83
95,Exit Long,L Stop,2020-08-19 13:00,401.15,17833.1047,-316856.75,-4.24,11251030.00,-2.72,485819.50,6.51,313995.25,4.21
95,Entry Long,Long,2020-08-13 19:00,418.59,17833.1047,-316856.75,-4.24,11251030.00,-2.72,485819.50,6.51,313995.25,4.21
94,Exit Long,L Stop,2020-08-07 13:00,370.39,27769.073,3406789.20,49.58,11567887.00,41.24,4673285.50,68.01,16077.85,0.23
94,Entry Long,S Stop,2020-07-22 19:00,247.46,27769.073,3406789.20,49.58,11567887.00,41.24,4673285.50,68.01,16077.85,0.23
93,Exit Long,L Stop,2020-08-07 13:00,370.39,10017.7485,1229006.00,49.58,8158348.50,17.48,1685897.10,68.01,5800.12,0.23
93,Entry Long,Long,2020-07-22 19:00,247.46,10017.7485,1229006.00,49.58,8158348.50,17.48,1685897.10,68.01,5800.12,0.23
92,Exit Long,L Stop,2020-08-07 13:00,370.39,27769.073,3406789.20,49.58,6928351.00,94.07,4673285.50,68.01,16077.85,0.23
92,Entry Long,Long,2020-07-22 19:00,247.46,27769.073,3406789.20,49.58,6928351.00,94.07,4673285.50,68.01,16077.85,0.23
91,Exit Short,Long,2020-07-22 19:00,247.46,27769.073,-418258.34,-6.48,3525302.00,-10.34,64617.63,1.00,418008.84,6.47
91,Entry Short,Short,2020-07-16 05:00,232.59,27769.073,-418258.34,-6.48,3525302.00,-10.34,64617.63,1.00,418008.84,6.47
90,Exit Long,L Stop,2020-07-16 03:00,231.43,33212.5393,-52333.00,-0.68,3943560.20,-1.28,530300.40,6.86,49258.45,0.64
90,Entry Long,Long,2020-07-06 05:00,232.82,33212.5393,-52333.00,-0.68,3943560.20,-1.28,530300.40,6.86,49258.45,0.64
89,Exit Short,S Stop,2020-06-29 19:00,229.12,37493.8949,-169530.89,-2.01,3995893.20,-3.97,325825.25,3.87,166094.66,1.97
89,Entry Short,Short,2020-06-27 15:00,224.78,37493.8949,-169530.89,-2.01,3995893.20,-3.97,325825.25,3.87,166094.66,1.97
88,Exit Long,L Stop,2020-06-24 11:00,234.34,49689.0814,-205665.69,-1.74,4165424.20,-4.60,539359.25,4.56,201008.03,1.70
88,Entry Long,Long,2020-06-22 11:00,238.29,49689.0814,-205665.69,-1.74,4165424.20,-4.60,539359.25,4.56,201008.03,1.70
87,Exit Short,S Stop,2020-06-15 15:00,231.25,36814.9737,-210316.14,-2.53,4371090.00,-4.49,270947.60,3.26,206910.75,2.49
87,Entry Short,Short,2020-06-15 01:00,225.72,36814.9737,-210316.14,-2.53,4371090.00,-4.49,270947.60,3.26,206910.75,2.49
86,Exit Long,L Stop,2020-06-02 11:00,234.51,42511.1329,828127.75,9.07,4581406.00,21.49,1652155.20,18.09,65719.66,0.72
86,Entry Long,Long,2020-05-28 15:00,214.85,42511.1329,828127.75,9.07,4581406.00,21.49,1652155.20,18.09,65719.66,0.72
85,Exit Long,L Stop,2020-05-20 11:00,208.20,18876.5753,-120603.34,-2.98,3753278.20,-3.03,48403.92,1.20,119031.31,2.94
85,Entry Long,Long,2020-05-17 23:00,214.42,18876.5753,-120603.34,-2.98,3753278.20,-3.03,48403.92,1.20,119031.31,2.94
84,Exit Short,S Stop,2020-05-13 17:00,199.57,9612.6795,-89839.91,-4.91,3873881.50,-2.21,137498.31,7.51,89072.55,4.87
84,Entry Short,Short,2020-05-09 23:00,190.38,9612.6795,-89839.91,-4.91,3873881.50,-2.21,137498.31,7.51,89072.55,4.87
83,Exit Long,L Stop,2020-05-04 01:00,200.63,17720.1035,108305.34,3.14,3963721.50,2.74,582322.56,16.91,91218.56,2.65
83,Entry Long,Long,2020-04-25 03:00,194.36,17720.1035,108305.34,3.14,3963721.50,2.74,582322.56,16.91,91218.56,2.65
82,Exit Long,L Stop,2020-04-19 11:00,176.85,16869.0248,-115623.06,-3.73,3855416.20,-2.84,99638.18,3.22,114429.75,3.70
82,Entry Long,Long,2020-04-18 11:00,183.56,16869.0248,-115623.06,-3.73,3855416.20,-2.84,99638.18,3.22,114429.75,3.70
81,Exit Long,L Stop,2020-04-10 09:00,155.79,22022.7947,225502.67,7.04,3971039.20,5.86,676800.75,21.13,181207.34,5.66
81,Entry Long,Long,2020-04-02 15:00,145.43,22022.7947,225502.67,7.04,3971039.20,5.86,676800.75,21.13,181207.34,5.66
80,Exit Short,S Stop,2020-03-19 13:00,134.47,8764.0035,568139.10,32.51,3745536.50,17.34,993401.80,56.84,81240.31,4.65
80,Entry Short,Short,2020-03-08 21:00,199.43,8764.0035,568139.10,32.51,3745536.50,17.34,993401.80,56.84,81240.31,4.65
79,Exit Long,L Stop,2020-03-07 13:00,237.35,19073.7606,-54950.66,-1.20,3177397.50,-1.65,224955.62,4.91,110551.82,2.41
79,Entry Long,Long,2020-03-06 09:00,240.04,19073.7606,-54950.66,-1.20,3177397.50,-1.65,224955.62,4.91,110551.82,2.41
78,Exit Short,Long,2020-03-06 09:00,240.04,10686.2181,-2479.37,-0.10,3232348.00,-0.07,319560.66,12.46,25817.90,1.01
78,Entry Short,Short,2020-02-25 23:00,240.00,10686.2181,-2479.37,-0.10,3232348.00,-0.07,319560.66,12.46,25817.90,1.01
77,Exit Long,L Stop,2020-02-16 13:00,248.52,16740.8927,1254248.10,43.20,3234827.50,60.28,1923706.50,66.26,57912.98,1.99
77,Entry Long,Long,2020-01-27 23:00,173.43,16740.8927,1254248.10,43.20,3234827.50,60.28,1923706.50,66.26,57912.98,1.99
76,Exit Short,S Stop,2020-01-24 15:00,163.79,24154.8333,-79705.25,-2.05,1980579.40,-3.69,120913.10,3.12,78122.72,2.01
76,Entry Short,Short,2020-01-23 17:00,160.62,24154.8333,-79705.25,-2.05,1980579.40,-3.69,120913.10,3.12,78122.72,2.01
75,Exit Long,L Stop,2020-01-23 15:00,160.48,22515.398,257041.00,7.66,2060284.60,13.51,686729.20,20.48,22505.85,0.67
75,Entry Long,Long,2020-01-14 01:00,148.94,22515.398,257041.00,7.66,2060284.60,13.51,686729.20,20.48,22505.85,0.67
74,Exit Long,L Stop,2020-01-09 13:00,135.97,21086.8703,-76549.22,-2.60,1803243.60,-3.87,173422.72,5.90,75402.34,2.56
74,Entry Long,Long,2020-01-06 01:00,139.49,21086.8703,-76549.22,-2.60,1803243.60,-3.87,173422.72,5.90,75402.34,2.56
73,Exit Short,S Stop,2019-12-22 05:00,130.33,12101.9475,598270.80,27.48,1879792.90,43.31,769176.10,35.33,75902.88,3.49
73,Entry Short,Short,2019-11-15 13:00,179.89,12101.9475,598270.80,27.48,1879792.90,43.31,769176.10,35.33,75902.88,3.49
72,Exit Long,L Stop,2019-11-15 11:00,179.16,8479.3453,-2487.74,-0.16,1281522.00,-0.18,155666.16,10.24,47329.36,3.11
72,Entry Long,Long,2019-10-25 15:00,179.31,8479.3453,-2487.74,-0.16,1281522.00,-0.18,155666.16,10.24,47329.36,3.11
71,Exit Short,S Stop,2019-10-25 11:00,170.73,12045.8347,43267.72,2.06,1284009.80,3.23,252242.38,12.00,55046.86,2.62
71,Entry Short,Short,2019-10-16 11:00,174.46,12045.8347,43267.72,2.06,1284009.80,3.23,252242.38,12.00,55046.86,2.62
70,Exit Long,L Stop,2019-10-11 13:00,182.61,8925.5801,-51842.91,-3.09,1240742.00,-3.72,74124.20,4.41,51190.95,3.05
70,Entry Long,Long,2019-10-09 11:00,188.27,8925.5801,-51842.91,-3.09,1240742.00,-3.72,74124.20,4.41,51190.95,3.05
69,Exit Short,S Stop,2019-09-30 23:00,182.90,9068.9284,128216.18,7.17,1292584.90,10.14,426975.34,23.88,10147.01,0.57
69,Entry Short,Short,2019-09-24 07:00,197.19,9068.9284,128216.18,7.17,1292584.90,10.14,426975.34,23.88,10147.01,0.57
68,Exit Long,L Stop,2019-09-24 03:00,198.54,11204.0275,117591.06,5.59,1164368.80,10.25,403063.16,19.15,24706.63,1.17
68,Entry Long,Long,2019-09-14 15:00,187.89,11204.0275,117591.06,5.59,1164368.80,10.25,403063.16,19.15,24706.63,1.17
67,Exit Short,S Stop,2019-09-02 13:00,174.99,4026.1798,-15333.80,-2.22,1046777.70,-1.32,30765.94,4.46,15051.99,2.18
67,Entry Short,Short,2019-08-28 17:00,171.32,4026.1798,-15333.80,-2.22,1046777.70,-1.32,30765.94,4.46,15051.99,2.18
66,Exit Short,S Stop,2019-08-18 13:00,196.79,5904.6136,87840.29,7.02,1062111.50,8.18,199016.58,15.91,30672.89,2.45
66,Entry Short,Short,2019-08-09 07:00,211.83,5904.6136,87840.29,7.02,1062111.50,8.18,199016.58,15.91,30672.89,2.45
65,Exit Long,L Stop,2019-08-07 13:00,221.96,7117.5555,-35940.21,-2.23,974271.20,-3.24,87042.49,5.39,35308.29,2.19
65,Entry Long,Long,2019-08-04 23:00,226.83,7117.5555,-35940.21,-2.23,974271.20,-3.24,87042.49,5.39,35308.29,2.19
64,Exit Short,S Stop,2019-08-02 03:00,221.59,2325.979,112631.53,17.92,1010211.40,11.29,182035.58,28.96,20673.50,3.29
64,Entry Short,Short,2019-07-11 03:00,270.21,2325.979,112631.53,17.92,1010211.40,11.29,182035.58,28.96,20673.50,3.29
63,Exit Long,L Stop,2019-07-10 11:00,301.31,5988.2909,-58414.89,-3.14,897579.90,-5.53,43389.19,2.33,57693.16,3.10
63,Entry Long,Long,2019-07-08 19:00,310.82,5988.2909,-58414.89,-3.14,897579.90,-5.53,43389.19,2.33,57693.16,3.10
62,Exit Short,S Stop,2019-07-02 19:00,293.02,2243.7288,-39237.23,-6.34,955994.75,-3.58,6730.50,1.09,38974.25,6.30
62,Entry Short,Short,2019-07-02 03:00,275.76,2243.7288,-39237.23,-6.34,955994.75,-3.58,6730.50,1.09,38974.25,6.30
61,Exit Long,L Stop,2019-06-27 13:00,287.78,4627.1589,157663.47,13.44,995232.00,16.82,523834.20,44.66,8520.43,0.73
61,Entry Long,Long,2019-06-12 13:00,253.49,4627.1589,157663.47,13.44,995232.00,16.82,523834.20,44.66,8520.43,0.73
60,Exit Short,S Stop,2019-06-10 07:00,238.08,5166.138,-38784.97,-3.25,837568.56,-3.97,21220.92,1.78,38292.98,3.21
60,Entry Short,Short,2019-06-09 15:00,230.76,5166.138,-38784.97,-3.25,837568.56,-3.97,21220.92,1.78,38292.98,3.21
59,Exit Short,S Stop,2019-06-05 17:00,249.01,4277.6935,-52249.46,-5.15,876353.50,-5.08,9775.40,0.96,51823.38,5.11
59,Entry Short,Short,2019-06-04 17:00,236.99,4277.6935,-52249.46,-5.15,876353.50,-5.08,9775.40,0.96,51823.38,5.11
58,Exit Long,L Stop,2019-05-30 17:00,249.67,3399.7144,214949.06,33.94,928602.94,26.42,347707.47,54.91,18169.80,2.87
58,Entry Long,Long,2019-05-11 07:00,186.27,3399.7144,214949.06,33.94,928602.94,26.42,347707.47,54.91,18169.80,2.87
57,Exit Long,L Stop,2019-05-07 19:00,169.26,5849.2482,4474.39,0.45,713653.90,0.55,83835.27,8.51,63624.29,6.46
57,Entry Long,Long,2019-05-03 07:00,168.36,5849.2482,4474.39,0.45,713653.90,0.55,83835.27,8.51,63624.29,6.46
56,Exit Short,S Stop,2019-05-03 05:00,165.20,4735.8338,-9289.00,-1.20,709179.50,-1.13,61351.08,7.93,13901.32,1.80
56,Entry Short,Short,2019-04-24 05:00,163.37,4735.8338,-9289.00,-1.20,709179.50,-1.13,61351.08,7.93,13901.32,1.80
55,Exit Long,L Stop,2019-04-11 05:00,164.61,8391.8909,194000.44,16.35,718468.50,31.07,372964.60,31.44,15579.95,1.31
55,Entry Long,Long,2019-03-29 07:00,141.37,8391.8909,194000.44,16.35,718468.50,31.07,372964.60,31.44,15579.95,1.31
54,Exit Long,L Stop,2019-03-18 03:00,136.40,7223.228,-22394.29,-2.22,524468.06,-3.46,36291.26,3.60,22000.19,2.19
54,Entry Long,Long,2019-03-15 23:00,139.39,7223.228,-22394.29,-2.22,524468.06,-3.46,36291.26,3.60,22000.19,2.19
53,Exit Short,S Stop,2019-03-05 13:00,135.53,2415.487,-8543.70,-2.68,546862.40,-1.30,22819.49,7.15,22953.99,7.19
53,Entry Short,Short,2019-02-24 21:00,132.10,2415.487,-8543.70,-2.68,546862.40,-1.30,22819.49,7.15,22953.99,7.19
52,Exit Long,L Stop,2019-02-24 11:00,145.18,7140.8364,129543.02,14.29,555406.06,24.63,278629.94,30.74,18785.91,2.07
52,Entry Long,Long,2019-02-17 09:00,126.93,7140.8364,129543.02,14.29,555406.06,24.63,278629.94,30.74,18785.91,2.07
51,Exit Long,L Stop,2019-02-10 21:00,121.10,4624.9565,38833.52,7.46,425863.03,7.97,63986.07,12.29,16904.42,3.25
51,Entry Long,Long,2019-02-08 13:00,112.61,4624.9565,38833.52,7.46,425863.03,7.97,63986.07,12.29,16904.42,3.25
50,Exit Short,S Stop,2019-02-06 13:00,105.76,5234.8784,-14152.81,-2.62,387029.50,-2.82,6065.88,1.12,13931.35,2.58
50,Entry Short,Short,2019-02-05 23:00,103.14,5234.8784,-14152.81,-2.62,387029.50,-2.82,6065.88,1.12,13931.35,2.58
49,Exit Short,S Stop,2019-02-02 19:00,110.99,7709.1919,-5231.12,-0.61,401182.30,-1.03,72819.80,8.56,4888.86,0.57
49,Entry Short,Short,2019-01-27 23:00,110.40,7709.1919,-5231.12,-0.61,401182.30,-1.03,72819.80,8.56,4888.86,0.57
48,Exit Short,S Stop,2019-01-14 11:00,126.36,1928.2042,17325.45,6.63,406413.44,3.54,45362.59,17.37,239.44,0.09
48,Entry Short,Short,2019-01-10 05:00,135.45,1928.2042,17325.45,6.63,406413.44,3.54,45362.59,17.37,239.44,0.09
47,Exit Long,L Stop,2019-01-10 03:00,142.09,3319.8075,-19407.47,-3.95,389087.97,-3.82,37782.31,7.70,19218.79,3.92
47,Entry Long,Long,2019-01-02 09:00,147.82,3319.8075,-19407.47,-3.95,389087.97,-3.82,37782.31,7.70,19218.79,3.92
46,Exit Long,L Stop,2018-12-27 19:00,112.73,2684.8845,32902.59,12.21,408495.47,6.92,153682.38,57.02,7195.91,2.67
46,Entry Long,Long,2018-12-18 21:00,100.39,2684.8845,32902.59,12.21,408495.47,6.92,153682.38,57.02,7195.91,2.67
45,Exit Short,S Stop,2018-12-17 13:00,91.37,1848.8929,210314.08,55.42,375592.88,79.28,228094.05,60.11,2943.62,0.78
45,Entry Short,Short,2018-11-14 07:00,205.24,1848.8929,210314.08,55.42,375592.88,79.28,228094.05,60.11,2943.62,0.78
44,Exit Long,L Stop,2018-11-07 23:00,214.97,1985.0351,-11859.19,-2.71,165278.78,-4.28,7824.40,1.79,11688.50,2.67
44,Entry Long,Long,2018-11-06 21:00,220.77,1985.0351,-11859.19,-2.71,165278.78,-4.28,7824.40,1.79,11688.50,2.67
43,Exit Long,L Stop,2018-11-05 05:00,208.16,1650.924,-9358.64,-2.65,177137.97,-3.27,667.86,0.19,9221.18,2.61
43,Entry Long,Long,2018-11-04 17:00,213.66,1650.924,-9358.64,-2.65,177137.97,-3.27,667.86,0.19,9221.18,2.61
42,Exit Short,S Stop,2018-11-01 21:00,201.84,2323.0524,-8618.65,-1.87,186496.61,-2.92,12081.46,2.62,8431.09,1.83
42,Entry Short,Short,2018-10-29 11:00,198.29,2323.0524,-8618.65,-1.87,186496.61,-2.92,12081.46,2.62,8431.09,1.83
41,Exit Short,S Stop,2018-10-15 01:00,211.87,812.0735,-3254.76,-1.93,195115.27,-1.09,15378.06,9.10,3185.94,1.89
41,Entry Short,Short,2018-10-10 23:00,208.03,812.0735,-3254.76,-1.93,195115.27,-1.09,15378.06,9.10,3185.94,1.89
40,Exit Long,L Stop,2018-09-24 03:00,232.40,615.397,-9041.24,-5.95,198370.02,-2.94,5003.94,3.29,8984.03,5.91
40,Entry Long,Long,2018-09-21 17:00,246.90,615.397,-9041.24,-5.95,198370.02,-2.94,5003.94,3.29,8984.03,5.91
39,Exit Short,S Stop,2018-09-13 09:00,205.63,681.5989,41694.06,22.91,207411.27,15.69,67862.17,37.29,1238.33,0.68
39,Entry Short,Short,2018-09-05 07:00,266.99,681.5989,41694.06,22.91,207411.27,15.69,67862.17,37.29,1238.33,0.68
38,Exit Long,L Stop,2018-09-01 21:00,291.82,1233.0401,-12154.45,-3.27,165717.20,-4.37,97.93,0.03,12010.52,3.23
38,Entry Long,Long,2018-09-01 17:00,301.44,1233.0401,-12154.45,-3.27,165717.20,-4.37,97.93,0.03,12010.52,3.23
37,Exit Short,S Stop,2018-08-24 15:00,280.97,990.8995,-13802.53,-5.21,177871.66,-4.73,7583.45,2.86,13691.16,5.17
37,Entry Short,Short,2018-08-22 19:00,267.26,990.8995,-13802.53,-5.21,177871.66,-4.73,7583.45,2.86,13691.16,5.17
36,Exit Short,S Stop,2018-08-17 21:00,318.94,793.1741,99459.73,28.20,191674.19,51.74,154242.34,43.73,1021.49,0.29
36,Entry Short,Short,2018-07-31 07:00,444.64,793.1741,99459.73,28.20,191674.19,51.74,154242.34,43.73,1021.49,0.29
35,Exit Long,L Stop,2018-07-18 17:00,480.11,328.873,-5548.31,-3.40,92214.46,-2.81,6143.80,3.76,5485.15,3.36
35,Entry Long,Long,2018-07-17 15:00,496.59,328.873,-5548.31,-3.40,92214.46,-2.81,6143.80,3.76,5485.15,3.36
34,Exit Short,S Stop,2018-07-16 05:00,456.69,475.2652,-5442.22,-2.57,97762.77,-2.68,13536.39,6.39,5355.40,2.53
34,Entry Short,Short,2018-07-10 07:00,445.60,475.2652,-5442.22,-2.57,97762.77,-2.68,13536.39,6.39,5355.40,2.53
33,Exit Long,L Stop,2018-07-03 07:00,465.11,615.6101,-10156.67,-3.43,103204.99,-4.76,3421.26,1.15,10042.14,3.39
33,Entry Long,Long,2018-07-02 19:00,481.23,615.6101,-10156.67,-3.43,103204.99,-4.76,3421.26,1.15,10042.14,3.39
32,Exit Short,S Stop,2018-06-29 21:00,457.96,337.9449,3402.92,2.15,113361.66,1.62,21538.12,13.61,4882.41,3.08
32,Entry Short,Short,2018-06-22 11:00,468.40,337.9449,3402.92,2.15,113361.66,1.62,21538.12,13.61,4882.41,3.08
31,Exit Short,S Stop,2018-06-19 07:00,526.27,490.5953,20738.40,7.43,109958.73,10.96,58720.53,21.04,2952.20,1.06
31,Entry Short,Short,2018-06-10 01:00,568.98,490.5953,20738.40,7.43,109958.73,10.96,58720.53,21.04,2952.20,1.06
30,Exit Long,L Stop,2018-06-04 03:00,603.55,355.6504,-7394.31,-3.33,89220.34,-3.76,843.06,0.38,7308.45,3.29
30,Entry Long,Long,2018-06-03 07:00,623.85,355.6504,-7394.31,-3.33,89220.34,-3.76,843.06,0.38,7308.45,3.29
29,Exit Short,S Stop,2018-06-01 05:00,588.63,284.8048,17058.37,9.23,96614.66,9.50,40627.52,21.98,5764.34,3.12
29,Entry Short,Short,2018-05-22 19:00,649.02,284.8048,17058.37,9.23,96614.66,9.50,40627.52,21.98,5764.34,3.12
28,Exit Short,S Stop,2018-05-13 11:00,726.26,157.2362,-5392.81,-4.95,79556.29,-2.92,9285.27,8.53,5347.13,4.91
28,Entry Short,Short,2018-05-11 05:00,692.53,157.2362,-5392.81,-4.95,79556.29,-2.92,9285.27,8.53,5347.13,4.91
27,Exit Long,L Stop,2018-05-07 03:00,733.11,236.4307,3437.60,2.03,84949.10,1.89,28776.64,16.95,2578.80,1.52
27,Entry Long,Long,2018-05-03 01:00,717.99,236.4307,3437.60,2.03,84949.10,1.89,28776.64,16.95,2578.80,1.52
26,Exit Long,L Stop,2018-04-25 07:00,620.20,179.0724,28554.49,34.64,81511.50,18.67,45215.04,54.85,1673.27,2.03
26,Entry Long,Long,2018-04-12 09:00,460.31,179.0724,28554.49,34.64,81511.50,18.67,45215.04,54.85,1673.27,2.03
25,Exit Long,L Stop,2018-04-12 03:00,423.04,592.4017,1595.21,0.64,52957.01,1.05,11393.07,4.58,19595.47,7.88
25,Entry Long,Long,2018-04-09 07:00,420.01,592.4017,1595.21,0.64,52957.01,1.05,11393.07,4.58,19595.47,7.88
24,Exit Short,S Stop,2018-04-08 09:00,402.49,162.9063,69946.44,51.58,51361.81,85.91,77399.56,57.08,528.30,0.39
24,Entry Short,Short,2018-03-06 09:00,832.35,162.9063,69946.44,51.58,51361.81,85.91,77399.56,57.08,528.30,0.39
23,Exit Short,S Stop,2018-02-23 11:00,883.68,70.6906,-3277.12,-5.53,-18584.63,-3.87,3653.63,6.17,3252.14,5.49
23,Entry Short,Short,2018-02-21 13:00,838.01,70.6906,-3277.12,-5.53,-18584.63,-3.87,3653.63,6.17,3252.14,5.49
22,Exit Long,L Stop,2018-02-20 19:00,882.24,117.5232,-3670.01,-3.42,-15307.51,-4.15,7684.24,7.16,3628.54,3.38
22,Entry Long,Long,2018-02-14 15:00,912.75,117.5232,-3670.01,-3.42,-15307.51,-4.15,7684.24,7.16,3628.54,3.38
21,Exit Short,S Stop,2018-02-09 05:00,792.55,29.6639,5153.99,17.97,-11637.50,6.19,11762.13,41.00,1227.99,4.28
21,Entry Short,Short,2018-02-01 23:00,967.00,29.6639,5153.99,17.97,-11637.50,6.19,11762.13,41.00,1227.99,4.28
20,Exit Long,L Stop,2018-01-30 11:00,1118.06,60.52,-3380.43,-4.76,-16791.48,-3.90,6265.68,8.83,3353.36,4.72
20,Entry Long,Long,2018-01-28 03:00,1173.00,60.52,-3380.43,-4.76,-16791.48,-3.90,6265.68,8.83,3353.36,4.72
19,Exit Short,S Stop,2018-01-20 01:00,1083.42,19.9941,-2083.89,-10.64,-13411.05,-2.35,4491.23,22.92,3274.87,16.71
19,Entry Short,Short,2018-01-16 07:00,980.02,19.9941,-2083.89,-10.64,-13411.05,-2.35,4491.23,22.92,3274.87,16.71
18,Exit Long,L Stop,2018-01-10 23:00,1166.61,35.5893,-4461.94,-9.71,-11327.16,-4.79,5284.43,11.50,4445.33,9.68
18,Entry Long,Long,2018-01-09 21:00,1291.00,35.5893,-4461.94,-9.71,-11327.16,-4.79,5284.43,11.50,4445.33,9.68
17,Exit Long,L Stop,2018-01-08 11:00,916.90,39.1113,2579.12,7.76,-6865.22,2.85,15198.26,45.70,1587.53,4.77
17,Entry Long,Long,2018-01-01 23:00,850.25,39.1113,2579.12,7.76,-6865.22,2.85,15198.26,45.70,1587.53,4.77
16,Exit Short,S Stop,2017-12-25 07:00,721.28,32.5882,-3662.34,-18.44,-9444.34,-3.89,3395.57,17.10,3652.93,18.39
16,Entry Short,Short,2017-12-22 05:00,609.43,32.5882,-3662.34,-18.44,-9444.34,-3.89,3395.57,17.10,3652.93,18.39
15,Exit Long,L Stop,2017-12-21 23:00,662.98,75.2234,11495.71,29.98,-5782.01,13.90,26704.77,69.65,1128.64,2.94
15,Entry Long,Long,2017-12-11 21:00,509.69,75.2234,11495.71,29.98,-5782.01,13.90,26704.77,69.65,1128.64,2.94
14,Exit Long,L Stop,2017-11-29 15:00,424.74,202.4922,18523.36,27.47,-17277.72,28.85,36834.71,54.63,3177.75,4.71
14,Entry Long,Long,2017-11-14 07:00,332.96,202.4922,18523.36,27.47,-17277.72,28.85,36834.71,54.63,3177.75,4.71
13,Exit Long,L Stop,2017-11-10 03:00,313.22,168.277,-2454.54,-4.45,-35801.08,-3.68,203.44,0.37,2433.46,4.41
13,Entry Long,Long,2017-11-09 13:00,327.55,168.277,-2454.54,-4.45,-35801.08,-3.68,203.44,0.37,2433.46,4.41
12,Exit Long,L Stop,2017-11-08 19:00,302.28,203.5302,-2380.57,-3.73,-33346.54,-3.45,790.61,1.24,2355.96,3.69
12,Entry Long,Long,2017-11-08 17:00,313.73,203.5302,-2380.57,-3.73,-33346.54,-3.45,790.61,1.24,2355.96,3.69
11,Exit Short,S Stop,2017-11-03 09:00,295.12,284.6507,-2292.28,-2.80,-30965.97,-3.21,3545.35,4.34,2258.68,2.76
11,Entry Short,Short,2017-11-01 21:00,287.30,284.6507,-2292.28,-2.80,-30965.97,-3.21,3545.35,4.34,2258.68,2.76
10,Exit Short,S Stop,2017-10-23 21:00,291.41,334.7734,-3216.96,-3.41,-28673.69,-4.32,3253.06,3.45,3177.94,3.37
10,Entry Short,Short,2017-10-23 07:00,282.03,334.7734,-3216.96,-3.41,-28673.69,-4.32,3253.06,3.45,3177.94,3.37
9,Exit Short,S Stop,2017-10-18 19:00,308.10,239.4189,-3761.34,-5.37,-25456.72,-4.80,1875.36,2.68,3731.84,5.33
9,Entry Short,Short,2017-10-18 11:00,292.63,239.4189,-3761.34,-5.37,-25456.72,-4.80,1875.36,2.68,3731.84,5.33
8,Exit Long,L Stop,2017-10-17 19:00,313.13,202.624,-3172.42,-4.77,-21695.38,-3.89,5134.21,7.71,3147.04,4.73
8,Entry Long,Long,2017-10-13 05:00,328.53,202.624,-3172.42,-4.77,-21695.38,-3.89,5134.21,7.71,3147.04,4.73
7,Exit Long,L Stop,2017-10-09 11:00,302.05,285.8561,-2313.94,-2.61,-18522.97,-2.76,2422.93,2.74,2279.41,2.57
7,Entry Long,Long,2017-10-06 21:00,309.90,285.8561,-2313.94,-2.61,-18522.97,-2.76,2422.93,2.74,2279.41,2.57
6,Exit Long,L Stop,2017-09-28 17:00,297.52,257.1752,-2922.14,-3.68,-16209.02,-3.37,1089.53,1.37,2891.54,3.64
6,Entry Long,Long,2017-09-27 17:00,308.64,257.1752,-2922.14,-3.68,-16209.02,-3.37,1089.53,1.37,2891.54,3.64
5,Exit Short,S Stop,2017-09-15 11:00,260.43,117.1395,-2600.44,-9.31,-13286.88,-2.91,5427.62,19.43,2588.24,9.27
5,Entry Short,Short,2017-09-14 09:00,238.43,117.1395,-2600.44,-9.31,-13286.88,-2.91,5427.62,19.43,2588.24,9.27
4,Exit Short,S Stop,2017-09-05 15:00,313.97,62.6149,-1859.62,-10.44,-10686.44,-2.04,3058.50,17.17,1870.55,10.50
4,Entry Short,Short,2017-09-04 05:00,284.51,62.6149,-1859.62,-10.44,-10686.44,-2.04,3058.50,17.17,1870.55,10.50
3,Exit Short,S Stop,2017-09-02 21:00,350.33,152.5234,-4057.08,-8.21,-8826.81,-4.26,0,0.00,4035.71,8.17
3,Entry Short,Short,2017-09-02 19:00,324.00,152.5234,-4057.08,-8.21,-8826.81,-4.26,0,0.00,4035.71,8.17
2,Exit Long,L Stop,2017-09-02 01:00,351.73,342.5794,-1217.08,-1.00,-4769.73,-1.26,13445.56,11.06,1514.89,1.25
2,Entry Long,Long,2017-08-29 03:00,355.00,342.5794,-1217.08,-1.00,-4769.73,-1.26,13445.56,11.06,1514.89,1.25
1,Exit Long,L Stop,2017-08-28 01:00,336.07,288.5128,-3552.65,-3.54,-3552.65,-3.55,793.63,0.79,3513.87,3.50
1,Entry Long,Long,2017-08-27 21:00,348.11,288.5128,-3552.65,-3.54,-3552.65,-3.55,793.63,0.79,3513.87,3.50